City_ID,City,Country,Date,Lat,Lng,Max Temp,Humidity,Cloudiness,Wind Speed,Current Description,Rain inches (last 3 hrs),Snow inches (last 3 hrs)
0,bluff,NZ,2022-06-08 03:29:37,-46.6,168.3333,50.81,71,64,4.79,broken clouds,0.0,0
1,tasiilaq,GL,2022-06-08 03:29:38,65.6145,-37.6368,39.36,61,82,3.2,broken clouds,0.0,0
2,punta arenas,CL,2022-06-08 03:25:27,-53.15,-70.9167,42.91,65,75,11.5,broken clouds,0.0,0
3,auki,SB,2022-06-08 03:29:40,-8.7676,160.7034,84.96,66,88,2.55,moderate rain,0.0,0
4,korla,CN,2022-06-08 03:29:40,41.7597,86.1469,81.21,19,0,9.28,clear sky,0.0,0
5,padang,ID,2022-06-08 03:29:40,-0.9492,100.3543,82.45,69,73,3.71,broken clouds,0.0,0
6,sao joao da barra,BR,2022-06-08 03:29:23,-21.6403,-41.0511,67.37,84,72,9.71,broken clouds,0.0,0
7,poum,NC,2022-06-08 03:29:42,-20.2333,164.0167,78.19,77,99,16.04,overcast clouds,0.0,0
8,praia da vitoria,PT,2022-06-08 03:29:42,38.7333,-27.0667,66.45,88,20,7.9,few clouds,0.0,0
9,luderitz,NA,2022-06-08 03:29:43,-26.6481,15.1594,65.89,34,0,10.29,clear sky,0.0,0
10,batemans bay,AU,2022-06-08 03:29:43,-35.7167,150.1833,57.09,37,16,11.7,few clouds,0.0,0
11,vaini,TO,2022-06-08 03:29:44,-21.2,-175.2,77.16,73,40,10.36,scattered clouds,0.0,0
12,san francisco,US,2022-06-08 03:25:03,37.7749,-122.4194,70.11,73,40,27.0,scattered clouds,0.0,0
13,saint-denis,FR,2022-06-08 03:29:44,48.9167,2.3333,60.96,89,100,9.22,light rain,0.0,0
14,codrington,AU,2022-06-08 03:29:44,-38.2667,141.9667,51.84,73,100,15.14,overcast clouds,0.0,0
15,tiksi,RU,2022-06-08 03:29:45,71.6872,128.8694,40.73,78,44,5.55,scattered clouds,0.0,0
16,haljala,EE,2022-06-08 03:29:45,59.4336,26.2614,55.18,81,100,8.93,overcast clouds,0.0,0
17,iqaluit,CA,2022-06-08 03:29:45,63.7506,-68.5145,40.73,75,40,8.05,scattered clouds,0.0,0
18,bengkulu,ID,2022-06-08 03:29:45,-3.8004,102.2655,82.11,70,78,3.04,broken clouds,0.0,0
19,ribeira grande,PT,2022-06-08 03:29:46,38.5167,-28.7,65.37,93,52,12.53,broken clouds,0.0,0
20,soyo,AO,2022-06-08 03:29:46,-6.1349,12.3689,71.94,92,72,4.99,broken clouds,0.0,0
21,anan,JP,2022-06-08 03:29:47,33.9167,134.65,69.58,66,65,7.23,broken clouds,0.0,0
22,puerto ayora,EC,2022-06-08 03:29:47,-0.7393,-90.3518,68.56,98,80,6.49,broken clouds,0.0,0
23,geraldton,AU,2022-06-08 03:29:47,-28.7667,114.6,72.01,35,17,25.32,few clouds,0.0,0
24,avarua,CK,2022-06-08 03:29:48,-21.2078,-159.775,78.85,69,40,5.75,scattered clouds,0.0,0
25,qasigiannguit,GL,2022-06-08 03:29:48,68.8193,-51.1922,37.65,77,10,1.66,clear sky,0.0,0
26,east london,ZA,2022-06-08 03:26:59,-33.0153,27.9116,61.74,59,0,6.91,clear sky,0.0,0
27,ushuaia,AR,2022-06-08 03:29:48,-54.8,-68.3,47.86,49,100,12.66,drizzle,0.0,0
28,arraial do cabo,BR,2022-06-08 03:29:49,-22.9661,-42.0278,70.43,84,40,2.21,scattered clouds,0.0,0
29,batticaloa,LK,2022-06-08 03:29:49,7.7102,81.6924,83.59,61,100,0.94,overcast clouds,0.0,0
30,provideniya,RU,2022-06-08 03:29:49,64.3833,-173.3,42.91,81,0,8.95,clear sky,0.0,0
31,luanda,AO,2022-06-08 03:29:50,-8.8368,13.2343,68.58,83,3,6.06,clear sky,0.0,0
32,longyearbyen,SJ,2022-06-08 03:29:50,78.2186,15.6401,42.64,65,20,8.05,few clouds,0.0,0
33,kahului,US,2022-06-08 03:29:50,20.8947,-156.47,84.22,65,40,18.41,scattered clouds,0.0,0
34,carnarvon,AU,2022-06-08 03:29:52,-24.8667,113.6333,68.4,73,97,25.95,light rain,0.0,0
35,busselton,AU,2022-06-08 03:29:52,-33.65,115.3333,62.51,49,97,20.36,overcast clouds,0.0,0
36,broken hill,AU,2022-06-08 03:29:52,-31.95,141.4333,54.86,42,50,12.66,scattered clouds,0.0,0
37,honiara,SB,2022-06-08 03:29:53,-9.4333,159.95,85.87,68,55,7.49,moderate rain,0.0,0
38,mitzic,GA,2022-06-08 03:29:53,0.7821,11.549,67.95,99,100,3.87,light rain,0.0,0
39,tomigusuku,JP,2022-06-08 03:29:53,26.185,127.675,77.14,85,75,4.61,broken clouds,0.0,0
40,constitucion,CL,2022-06-08 03:29:54,-35.3333,-72.4167,53.19,89,1,3.53,clear sky,0.0,0
41,namatanai,PG,2022-06-08 03:29:54,-3.6667,152.4333,83.62,68,43,8.59,light rain,0.0,0
42,araria,IN,2022-06-08 03:29:55,26.15,87.5167,86.7,69,70,12.03,light rain,0.0,0
43,rikitea,PF,2022-06-08 03:29:55,-23.1203,-134.9692,73.65,57,47,13.18,scattered clouds,0.0,0
44,darnah,LY,2022-06-08 03:29:56,32.767,22.6367,71.62,87,0,9.06,clear sky,0.0,0
45,port elizabeth,ZA,2022-06-08 03:29:56,-33.918,25.5701,60.31,61,0,2.3,clear sky,0.0,0
46,slave lake,CA,2022-06-08 03:27:54,55.2834,-114.769,62.58,59,100,9.22,overcast clouds,0.0,0
47,pontianak,ID,2022-06-08 03:29:56,-0.0333,109.3333,87.78,66,40,4.61,scattered clouds,0.0,0
48,olafsvik,IS,2022-06-08 03:29:57,64.8945,-23.7142,49.08,89,100,2.55,overcast clouds,0.0,0
49,kodiak,US,2022-06-08 03:29:57,57.79,-152.4072,54.91,76,100,14.97,overcast clouds,0.0,0
50,kapaa,US,2022-06-08 03:29:58,22.0752,-159.319,80.58,81,20,11.5,few clouds,0.0,0
51,mettlach,DE,2022-06-08 03:29:58,49.4935,6.5969,55.02,97,100,4.21,overcast clouds,0.0,0
52,marfino,RU,2022-06-08 03:29:59,55.7028,37.3822,57.45,60,0,4.47,clear sky,0.0,0
53,mataura,NZ,2022-06-08 03:29:59,-46.1927,168.8643,50.49,78,97,2.42,overcast clouds,0.0,0
54,san quintin,MX,2022-06-08 03:29:59,30.4833,-115.95,62.29,84,14,8.68,few clouds,0.0,0
55,chokurdakh,RU,2022-06-08 03:30:00,70.6333,147.9167,49.51,42,6,14.0,clear sky,0.0,0
56,kurilsk,RU,2022-06-08 03:30:00,45.2333,147.8833,44.76,80,96,6.06,overcast clouds,0.0,0
57,hilo,US,2022-06-08 03:29:37,19.7297,-155.09,89.28,76,100,9.22,overcast clouds,0.0,0
58,mwandiga,TZ,2022-06-08 03:30:01,-4.83,29.6581,67.46,76,81,4.7,light rain,0.0,0
59,taoudenni,ML,2022-06-08 03:30:02,22.6783,-3.9836,91.24,22,1,6.62,clear sky,0.0,0
60,ahuimanu,US,2022-06-08 03:30:02,21.4447,-157.8378,83.91,65,40,14.97,scattered clouds,0.0,0
61,atuona,PF,2022-06-08 03:30:03,-9.8,-139.0333,78.06,73,13,16.08,few clouds,0.0,0
62,la ronge,CA,2022-06-08 03:30:04,55.1001,-105.2842,66.45,32,75,4.61,broken clouds,0.0,0
63,bonavista,CA,2022-06-08 03:30:04,48.6499,-53.1147,38.08,79,9,22.39,clear sky,0.0,0
64,pevek,RU,2022-06-08 03:30:05,69.7008,170.3133,38.97,75,25,6.42,scattered clouds,0.0,0
65,yellowknife,CA,2022-06-08 03:30:05,62.456,-114.3525,72.12,28,20,4.61,few clouds,0.0,0
66,la libertad,EC,2022-06-08 03:30:06,-2.2333,-80.9,69.08,87,100,8.48,overcast clouds,0.0,0
67,carlsbad,US,2022-06-08 03:29:06,33.1581,-117.3506,69.89,86,100,4.61,overcast clouds,0.0,0
68,rosetta,EG,2022-06-08 03:30:06,31.4044,30.4164,74.05,71,0,3.09,clear sky,0.0,0
69,arrifes,PT,2022-06-08 03:30:07,37.7667,-25.7,67.23,94,75,9.22,broken clouds,0.0,0
70,igarapava,BR,2022-06-08 03:30:08,-20.0383,-47.7469,70.72,62,14,4.25,few clouds,0.0,0
71,watertown,US,2022-06-08 03:28:32,42.3709,-71.1828,69.82,68,100,13.8,overcast clouds,0.0,0
72,aklavik,CA,2022-06-08 03:30:14,68.2191,-135.0107,39.78,79,100,14.5,overcast clouds,0.0,0
73,kaitangata,NZ,2022-06-08 03:30:15,-46.2817,169.8464,50.38,77,100,2.19,light rain,0.0,0
74,saskylakh,RU,2022-06-08 03:30:15,71.9167,114.0833,56.86,40,3,14.07,clear sky,0.0,0
75,te anau,NZ,2022-06-08 03:30:17,-45.4167,167.7167,45.55,94,95,3.44,light rain,0.0,0
76,charlestown,AU,2022-06-08 03:30:19,-32.95,151.6667,62.11,49,5,7.0,clear sky,0.0,0
77,labytnangi,RU,2022-06-08 03:30:20,66.6572,66.4183,67.95,32,25,8.61,scattered clouds,0.0,0
78,lebu,CL,2022-06-08 03:30:21,-37.6167,-73.65,50.88,89,21,2.95,few clouds,0.0,0
79,saint george,US,2022-06-08 03:25:48,37.1041,-113.5841,95.59,15,0,9.22,clear sky,0.0,0
80,isangel,VU,2022-06-08 03:30:23,-19.55,169.2667,84.31,74,40,4.61,scattered clouds,0.0,0
81,grand gaube,MU,2022-06-08 03:30:23,-20.0064,57.6608,71.38,77,19,1.99,few clouds,0.0,0
82,khatanga,RU,2022-06-08 03:30:24,71.9667,102.5,58.78,50,51,22.3,broken clouds,0.0,0
83,hasaki,JP,2022-06-08 03:30:24,35.7333,140.8333,64.29,86,100,14.29,overcast clouds,0.0,0
84,chase,CA,2022-06-08 03:30:26,50.8165,-119.6857,70.32,65,91,3.27,overcast clouds,0.0,0
85,dikson,RU,2022-06-08 03:30:28,73.5069,80.5464,29.7,86,8,1.77,clear sky,0.0,0
86,vardo,NO,2022-06-08 03:30:29,70.3705,31.1107,42.78,87,100,9.22,overcast clouds,0.0,0
87,butaritari,KI,2022-06-08 03:30:29,3.0707,172.7902,81.81,75,28,11.07,light rain,0.0,0
88,bredasdorp,ZA,2022-06-08 03:30:30,-34.5322,20.0403,60.96,36,9,6.53,clear sky,0.0,0
89,severo-kurilsk,RU,2022-06-08 03:30:30,50.6789,156.125,45.46,75,83,11.99,broken clouds,0.0,0
90,klaksvik,FO,2022-06-08 03:30:30,62.2266,-6.589,45.52,75,100,18.23,overcast clouds,0.0,0
91,tuktoyaktuk,CA,2022-06-08 03:30:31,69.4541,-133.0374,32.0,86,100,13.8,overcast clouds,0.0,0
92,ketchikan,US,2022-06-08 03:30:31,55.3422,-131.6461,63.07,55,0,6.91,clear sky,0.0,0
93,luwuk,ID,2022-06-08 03:30:32,-0.9516,122.7875,85.19,72,68,4.52,broken clouds,0.0,0
94,ahipara,NZ,2022-06-08 03:30:32,-35.1667,173.1667,61.05,79,100,6.98,overcast clouds,0.0,0
95,dauphin,CA,2022-06-08 03:30:32,51.1494,-100.0502,57.34,44,75,2.3,broken clouds,0.0,0
96,albany,US,2022-06-08 03:26:52,42.6001,-73.9662,64.81,86,100,3.0,overcast clouds,0.0,0
97,barrow,US,2022-06-08 03:27:40,71.2906,-156.7887,28.42,80,100,17.27,overcast clouds,0.0,0
98,hambantota,LK,2022-06-08 03:30:33,6.1241,81.1185,84.54,79,20,12.66,few clouds,0.0,0
99,airai,TL,2022-06-08 03:30:33,-8.9266,125.4092,73.26,57,79,4.81,broken clouds,0.0,0
100,kisangani,CD,2022-06-08 03:30:34,0.5167,25.2,69.12,79,95,2.42,overcast clouds,0.0,0
101,faya,SA,2022-06-08 03:30:34,18.3851,42.4509,64.51,13,82,5.28,broken clouds,0.0,0
102,santiago del estero,AR,2022-06-08 03:30:34,-27.7951,-64.2615,56.88,76,1,5.57,clear sky,0.0,0
103,beyneu,KZ,2022-06-08 03:30:35,45.3167,55.2,76.78,34,2,8.23,clear sky,0.0,0
104,faanui,PF,2022-06-08 03:30:35,-16.4833,-151.75,80.62,72,98,11.79,overcast clouds,0.0,0
105,batagay-alyta,RU,2022-06-08 03:30:36,67.8006,130.4114,72.79,17,100,2.19,overcast clouds,0.0,0
106,new norfolk,AU,2022-06-08 03:30:36,-42.7826,147.0587,51.3,77,99,5.01,overcast clouds,0.0,0
107,yumen,CN,2022-06-08 03:30:36,40.2833,97.2,74.71,14,73,1.16,broken clouds,0.0,0
108,yelizovo,RU,2022-06-08 03:30:37,53.1873,158.3805,50.14,66,75,11.18,broken clouds,0.0,0
109,broome,US,2022-06-08 03:30:39,42.2506,-75.833,67.19,93,75,8.05,broken clouds,0.0,0
110,hirara,JP,2022-06-08 03:30:41,24.8,125.2833,77.27,88,75,10.36,broken clouds,0.0,0
111,quatre cocos,MU,2022-06-08 03:30:42,-20.2078,57.7625,71.1,76,25,7.78,scattered clouds,0.0,0
112,yerbogachen,RU,2022-06-08 03:30:43,61.2767,108.0108,50.58,55,95,8.72,overcast clouds,0.0,0
113,salym,RU,2022-06-08 03:30:44,60.0625,71.4789,58.51,34,62,12.48,broken clouds,0.0,0
114,ushtobe,KZ,2022-06-08 03:30:44,45.2514,77.9838,82.81,24,0,6.06,clear sky,0.0,0
115,konispol,AL,2022-06-08 03:30:44,39.6589,20.1814,70.75,86,39,3.83,scattered clouds,0.0,0
116,clyde river,CA,2022-06-08 03:30:45,70.4692,-68.5914,35.83,87,100,4.61,overcast clouds,0.0,0
117,kenai,US,2022-06-08 03:30:33,60.5544,-151.2583,53.69,86,100,8.05,overcast clouds,0.0,0
118,hammerfest,NO,2022-06-08 03:30:46,70.6634,23.6821,45.05,61,75,12.66,broken clouds,0.0,0
119,rizhao,CN,2022-06-08 03:30:46,35.4275,119.4553,73.33,57,3,11.65,clear sky,0.0,0
120,benguela,AO,2022-06-08 03:30:46,-12.5763,13.4055,70.99,53,4,5.3,clear sky,0.0,0
121,puchezh,RU,2022-06-08 03:30:47,56.9788,43.1676,51.03,74,100,16.62,overcast clouds,0.0,0
122,aswan,EG,2022-06-08 03:30:47,24.0934,32.907,84.31,24,0,9.57,clear sky,0.0,0
123,hithadhoo,MV,2022-06-08 03:30:49,-0.6,73.0833,82.78,67,99,3.67,overcast clouds,0.0,0
124,paamiut,GL,2022-06-08 03:30:50,61.994,-49.6678,35.22,89,56,4.07,broken clouds,0.0,0
125,shingu,JP,2022-06-08 03:30:50,33.7333,135.9833,69.22,75,63,4.74,broken clouds,0.0,0
126,cidreira,BR,2022-06-08 03:27:10,-30.1811,-50.2056,61.74,85,0,7.72,clear sky,0.0,0
127,port alfred,ZA,2022-06-08 03:30:50,-33.5906,26.891,62.35,57,0,11.03,clear sky,0.0,0
128,umba,RU,2022-06-08 03:30:52,66.6871,34.3429,47.71,75,4,3.33,clear sky,0.0,0
129,cherskiy,RU,2022-06-08 03:30:52,68.75,161.3,55.24,46,100,14.83,overcast clouds,0.0,0
130,zheleznodorozhnyy,RU,2022-06-08 03:30:53,55.7503,38.0042,57.72,60,25,3.27,scattered clouds,0.0,0
131,guerrero negro,MX,2022-06-08 03:30:53,27.9769,-114.0611,63.01,88,55,13.98,broken clouds,0.0,0
132,moses lake,US,2022-06-08 03:30:54,47.1301,-119.2781,74.08,35,0,5.75,clear sky,0.0,0
133,patos de minas,BR,2022-06-08 03:30:56,-18.5789,-46.5181,58.96,61,2,1.16,clear sky,0.0,0
134,port lincoln,AU,2022-06-08 03:27:58,-34.7333,135.8667,55.98,61,96,10.13,overcast clouds,0.0,0
135,port hawkesbury,CA,2022-06-08 03:30:58,45.6169,-61.3485,48.58,93,0,4.61,clear sky,0.0,0
136,hermanus,ZA,2022-06-08 03:30:58,-34.4187,19.2345,58.8,45,11,7.25,few clouds,0.0,0
137,sao filipe,CV,2022-06-08 03:31:00,14.8961,-24.4956,73.29,82,2,6.35,clear sky,0.0,0
138,hobart,AU,2022-06-08 03:30:07,-42.8794,147.3294,51.66,71,75,11.5,broken clouds,0.0,0
139,norman wells,CA,2022-06-08 03:31:01,65.282,-126.8329,55.44,54,75,4.61,broken clouds,0.0,0
140,richmond,US,2022-06-08 03:28:58,37.5538,-77.4603,78.78,71,100,8.05,overcast clouds,0.0,0
141,thompson,CA,2022-06-08 03:31:03,55.7435,-97.8558,57.36,51,20,5.75,few clouds,0.0,0
142,dandong,CN,2022-06-08 03:31:05,40.1292,124.3947,73.29,49,81,9.84,broken clouds,0.0,0
143,escanaba,US,2022-06-08 03:31:07,45.7453,-87.0646,55.96,100,0,0.0,clear sky,0.0,0
144,sitka,US,2022-06-08 03:31:09,57.0531,-135.33,64.29,48,75,9.22,broken clouds,0.0,0
145,beloha,MG,2022-06-08 03:31:11,-25.1667,45.05,61.66,82,20,7.18,few clouds,0.0,0
146,georgetown,MY,2022-06-08 03:27:11,5.4112,100.3354,87.73,74,20,4.61,few clouds,0.0,0
147,sompeta,IN,2022-06-08 03:31:14,18.9333,84.6,95.88,50,49,8.5,scattered clouds,0.0,0
148,lagos,NG,2022-06-08 03:30:24,6.5833,3.75,80.92,83,95,4.16,overcast clouds,0.0,0
149,port-gentil,GA,2022-06-08 03:31:15,-0.7193,8.7815,75.74,89,100,6.46,light rain,0.0,0
150,esperance,AU,2022-06-08 03:31:15,-33.8667,121.9,60.53,53,77,10.31,broken clouds,0.0,0
151,mwinilunga,ZM,2022-06-08 03:31:16,-11.7358,24.4293,47.03,91,0,5.37,clear sky,0.0,0
152,husavik,IS,2022-06-08 03:31:17,66.0449,-17.3389,46.58,85,96,1.54,overcast clouds,0.0,0
153,niquelandia,BR,2022-06-08 03:31:17,-14.4739,-48.4597,65.12,49,1,2.75,clear sky,0.0,0
154,hamilton,US,2022-06-08 03:29:02,39.1834,-84.5333,71.01,90,20,3.44,mist,0.0,0
155,lodja,CD,2022-06-08 03:31:19,-3.4833,23.4333,66.2,70,53,2.37,broken clouds,0.0,0
156,eureka,US,2022-06-08 03:31:21,40.8021,-124.1637,60.21,81,98,1.01,overcast clouds,0.0,0
157,sechura,PE,2022-06-08 03:31:22,-5.5569,-80.8222,65.52,77,87,11.86,overcast clouds,0.0,0
158,rocha,UY,2022-06-08 03:31:24,-34.4833,-54.3333,49.55,95,83,4.47,broken clouds,0.0,0
159,french harbor,HN,2022-06-08 03:31:26,16.35,-86.4333,84.2,91,75,23.02,broken clouds,0.0,0
160,upernavik,GL,2022-06-08 03:31:28,72.7868,-56.1549,31.33,72,52,2.91,broken clouds,0.0,0
161,east millcreek,US,2022-06-08 03:31:30,40.7,-111.8105,66.34,39,0,3.44,clear sky,0.0,0
162,narsaq,GL,2022-06-08 03:31:30,60.9167,-46.05,48.42,76,59,2.28,broken clouds,0.0,0
163,japura,ID,2022-06-08 03:31:32,-0.3167,102.35,85.59,73,80,1.19,broken clouds,0.0,0
164,namibe,AO,2022-06-08 03:31:32,-15.1961,12.1522,72.45,43,3,6.33,clear sky,0.0,0
165,mae sai,TH,2022-06-08 03:31:33,20.4335,99.8762,75.61,95,100,1.86,overcast clouds,0.0,0
166,puerto narino,CO,2022-06-08 03:31:34,-3.7703,-70.3831,71.04,91,99,2.17,overcast clouds,0.0,0
167,buarcos,PT,2022-06-08 03:31:35,40.166,-8.8768,66.67,94,100,3.78,overcast clouds,0.0,0
168,mollendo,PE,2022-06-08 03:31:37,-17.0231,-72.0147,62.28,90,92,5.82,overcast clouds,0.0,0
169,jamestown,US,2022-06-08 03:31:39,42.097,-79.2353,56.01,75,0,4.61,clear sky,0.0,0
170,flinders,AU,2022-06-08 03:31:40,-34.5833,150.8552,61.18,46,10,8.01,clear sky,0.0,0
171,puerto tejada,CO,2022-06-08 03:31:40,3.2311,-76.4167,71.55,95,100,1.52,overcast clouds,0.0,0
172,bloomfield,US,2022-06-08 03:31:41,40.8068,-74.1854,68.61,89,100,10.36,light rain,0.0,0
173,ferme-neuve,CA,2022-06-08 03:31:41,46.7001,-75.4493,59.36,98,100,8.81,overcast clouds,0.0,0
174,mabama,TZ,2022-06-08 03:31:41,-5.1333,32.5333,56.75,86,5,4.41,clear sky,0.0,0
175,bethel,US,2022-06-08 03:31:42,41.3712,-73.414,66.45,91,100,9.22,overcast clouds,0.0,0
176,kuryk,KZ,2022-06-08 03:31:42,43.2,51.65,73.62,45,17,11.21,few clouds,0.0,0
177,qaanaaq,GL,2022-06-08 03:31:43,77.484,-69.3632,25.09,93,98,2.8,overcast clouds,0.0,0
178,touros,BR,2022-06-08 03:31:43,-5.1989,-35.4608,74.03,85,100,8.08,overcast clouds,0.0,0
179,saint-philippe,RE,2022-06-08 03:31:43,-21.3585,55.7679,67.59,83,56,7.43,light rain,0.0,0
180,sosnovo-ozerskoye,RU,2022-06-08 03:31:44,52.5249,111.5418,52.92,77,99,10.63,overcast clouds,0.0,0
181,beringovskiy,RU,2022-06-08 03:31:44,63.05,179.3167,37.89,71,41,6.4,scattered clouds,0.0,0
182,margate,GB,2022-06-08 03:31:45,51.3813,1.3862,58.3,92,100,4.0,overcast clouds,0.0,0
183,yarada,IN,2022-06-08 03:31:45,17.65,83.2667,88.12,84,40,4.61,mist,0.0,0
184,leshan,CN,2022-06-08 03:31:46,29.5623,103.7639,76.91,71,100,0.51,overcast clouds,0.0,0
185,kashan,IR,2022-06-08 03:31:46,33.9831,51.4364,88.3,17,4,7.07,clear sky,0.0,0
186,kumano,JP,2022-06-08 03:31:47,34.3442,132.5894,72.77,57,26,3.18,scattered clouds,0.0,0
187,najran,SA,2022-06-08 03:31:48,17.4924,44.1277,68.65,11,94,2.86,overcast clouds,0.0,0
188,aykhal,RU,2022-06-08 03:31:50,66.0,111.5,66.29,43,100,12.75,overcast clouds,0.0,0
189,castlegar,CA,2022-06-08 03:31:51,49.2998,-117.6689,65.08,73,88,2.3,overcast clouds,0.0,0
190,saint-leu,RE,2022-06-08 03:31:52,-21.15,55.2833,67.32,72,2,11.7,clear sky,0.0,0
191,avera,US,2022-06-08 03:31:53,33.194,-82.5271,76.55,71,100,4.63,overcast clouds,0.0,0
192,cape town,ZA,2022-06-08 03:31:24,-33.9258,18.4232,67.37,50,0,4.61,clear sky,0.0,0
193,conceicao do araguaia,BR,2022-06-08 03:31:53,-8.2578,-49.2647,74.23,67,76,2.13,broken clouds,0.0,0
194,las vegas,US,2022-06-08 03:31:55,36.175,-115.1372,99.84,14,75,14.97,broken clouds,0.0,0
195,kabanjahe,ID,2022-06-08 03:31:57,3.1001,98.4908,73.56,73,100,2.24,overcast clouds,0.0,0
196,kununurra,AU,2022-06-08 03:31:59,-15.7667,128.7333,85.98,32,10,9.22,clear sky,0.0,0
197,hualmay,PE,2022-06-08 03:32:01,-11.0964,-77.6139,63.41,87,5,4.97,clear sky,0.0,0
198,san javier,ES,2022-06-08 03:32:03,37.8063,-0.8374,71.67,77,8,4.0,clear sky,0.0,0
199,kpandae,GH,2022-06-08 03:32:05,8.4689,-0.0113,74.39,83,94,3.47,overcast clouds,0.0,0
200,atambua,ID,2022-06-08 03:32:08,-9.1061,124.8925,85.08,55,48,3.62,scattered clouds,0.0,0
201,fallon,US,2022-06-08 03:32:08,39.4735,-118.7774,80.47,14,75,9.22,broken clouds,0.0,0
202,inirida,CO,2022-06-08 03:32:09,3.8653,-67.9239,73.0,98,100,2.77,overcast clouds,0.0,0
203,coahuayana,MX,2022-06-08 03:32:10,18.7333,-103.6833,76.84,81,79,1.28,broken clouds,0.0,0
204,saldanha,ZA,2022-06-08 03:32:11,-33.0117,17.9442,51.85,51,2,12.03,clear sky,0.0,0
205,kavaratti,IN,2022-06-08 03:32:13,10.5669,72.642,82.83,75,90,14.25,overcast clouds,0.0,0
206,ponta do sol,PT,2022-06-08 03:32:15,32.6667,-17.1,69.71,77,0,2.42,clear sky,0.0,0
207,spornoye,RU,2022-06-08 03:32:16,50.8448,37.2913,61.25,74,1,2.84,clear sky,0.0,0
208,eyl,SO,2022-06-08 03:32:16,7.9803,49.8164,83.35,57,100,21.88,overcast clouds,0.0,0
209,mar del plata,AR,2022-06-08 03:29:10,-38.0023,-57.5575,51.1,100,97,14.97,mist,0.0,0
210,cabo san lucas,MX,2022-06-08 03:31:21,22.8909,-109.9124,79.9,73,7,15.79,clear sky,0.0,0
211,roma,US,2022-06-08 03:32:18,43.2128,-75.4557,67.73,95,100,3.44,mist,0.0,0
212,waingapu,ID,2022-06-08 03:32:20,-9.6567,120.2641,86.99,59,22,16.93,few clouds,0.0,0
213,grindavik,IS,2022-06-08 03:32:20,63.8424,-22.4338,50.47,76,75,3.44,broken clouds,0.0,0
214,bathsheba,BB,2022-06-08 03:32:21,13.2167,-59.5167,83.01,78,75,18.41,broken clouds,0.0,0
215,zapolyarnyy,RU,2022-06-08 03:32:22,69.4154,30.8136,49.28,56,70,10.65,broken clouds,0.0,0
216,bambous virieux,MU,2022-06-08 03:32:23,-20.3428,57.7575,71.22,94,40,2.3,scattered clouds,0.0,0
217,flin flon,CA,2022-06-08 03:32:24,54.7682,-101.865,53.85,48,100,4.43,overcast clouds,0.0,0
218,nemuro,JP,2022-06-08 03:32:25,43.3236,145.575,46.63,79,100,7.23,overcast clouds,0.0,0
219,tra vinh,VN,2022-06-08 03:32:22,9.9347,106.3453,89.2,60,100,8.28,overcast clouds,0.0,0
220,caiaponia,BR,2022-06-08 03:32:27,-16.9567,-51.8103,69.04,59,35,0.6,scattered clouds,0.0,0
221,victoria,HK,2022-06-08 03:28:44,22.2855,114.1577,79.25,95,100,15.99,very heavy rain,0.0,0
222,mahebourg,MU,2022-06-08 03:32:28,-20.4081,57.7,71.26,94,40,2.3,scattered clouds,0.0,0
223,dalton,US,2022-06-08 03:30:02,34.7698,-84.9702,73.89,95,0,0.0,clear sky,0.0,0
224,chuy,UY,2022-06-08 03:32:30,-33.6971,-53.4616,52.38,95,91,4.88,overcast clouds,0.0,0
225,cambridge,CA,2022-06-08 03:29:41,43.3601,-80.3127,56.28,89,0,6.91,clear sky,0.0,0
226,matane,CA,2022-06-08 03:27:32,48.8286,-67.522,54.54,70,100,6.87,overcast clouds,0.0,0
227,ust-maya,RU,2022-06-08 03:32:31,60.4167,134.5333,72.93,30,0,7.4,clear sky,0.0,0
228,vestmannaeyjar,IS,2022-06-08 03:32:31,63.4427,-20.2734,49.6,83,100,14.25,overcast clouds,0.0,0
229,talara,PE,2022-06-08 03:32:31,-4.5772,-81.2719,64.71,86,98,11.05,overcast clouds,0.0,0
230,ilulissat,GL,2022-06-08 03:32:33,69.2167,-51.1,37.42,65,16,1.14,few clouds,0.0,0
231,ancud,CL,2022-06-08 03:32:35,-41.8697,-73.8203,51.22,86,100,13.91,light rain,0.0,0
232,batagay,RU,2022-06-08 03:32:36,67.6333,134.6333,74.32,21,100,4.16,overcast clouds,0.0,0
233,lata,PT,2022-06-08 03:32:37,40.1629,-8.3327,63.07,83,97,0.49,overcast clouds,0.0,0
234,adeje,ES,2022-06-08 03:32:39,28.1227,-16.726,67.08,73,0,13.8,clear sky,0.0,0
235,portland,US,2022-06-08 03:32:00,45.5234,-122.6762,67.93,74,100,5.01,overcast clouds,0.0,0
236,znamenka,RU,2022-06-08 03:32:41,52.4167,41.4311,56.8,71,0,7.99,clear sky,0.0,0
237,biryukove,UA,2022-06-08 03:32:41,47.9563,39.7384,63.68,70,4,6.87,clear sky,0.0,0
238,krasnoselkup,RU,2022-06-08 03:32:43,65.7,82.4667,55.08,43,49,7.58,scattered clouds,0.0,0
239,chiredzi,ZW,2022-06-08 03:32:45,-21.05,31.6667,50.25,88,3,3.2,clear sky,0.0,0
240,brae,GB,2022-06-08 03:32:48,60.3964,-1.353,47.82,78,75,16.91,broken clouds,0.0,0
241,vao,NC,2022-06-08 03:32:50,-22.6667,167.4833,76.24,68,93,14.05,overcast clouds,0.0,0
242,valparaiso,CL,2022-06-08 03:32:51,-33.0393,-71.6273,54.48,84,20,3.44,few clouds,0.0,0
243,hokitika,NZ,2022-06-08 03:32:51,-42.7167,170.9667,54.1,87,100,14.03,overcast clouds,0.0,0
244,tura,IN,2022-06-08 03:32:52,25.5198,90.2201,81.05,83,97,6.87,light rain,0.0,0
245,boyolangu,ID,2022-06-08 03:32:52,-8.1181,111.8935,86.7,66,52,3.76,broken clouds,0.0,0
246,nishihara,JP,2022-06-08 03:32:53,26.1842,127.7558,76.68,86,100,5.75,mist,0.0,0
247,havelock,US,2022-06-08 03:32:55,34.8791,-76.9013,78.75,93,0,4.61,clear sky,0.0,0
248,villa union,MX,2022-06-08 03:32:57,23.2,-106.2333,76.96,83,40,5.75,scattered clouds,0.0,0
249,puerto del rosario,ES,2022-06-08 03:32:58,28.5004,-13.8627,67.75,83,75,13.8,broken clouds,0.0,0
250,cairns,AU,2022-06-08 03:32:59,-16.9167,145.7667,85.06,74,100,12.66,overcast clouds,0.0,0
251,galveston,US,2022-06-08 03:29:57,29.3669,-94.9669,83.05,84,3,3.0,clear sky,0.0,0
252,moose factory,CA,2022-06-08 03:33:01,51.2585,-80.6094,55.4,94,100,8.05,overcast clouds,0.0,0
253,volksrust,ZA,2022-06-08 03:33:03,-27.3654,29.8818,40.68,62,0,0.58,clear sky,0.0,0
254,ulladulla,AU,2022-06-08 03:33:05,-35.35,150.4667,54.77,36,23,12.55,few clouds,0.0,0
255,alofi,NU,2022-06-08 03:33:07,-19.0595,-169.9187,78.69,65,40,10.36,scattered clouds,0.0,0
256,lima,PE,2022-06-08 03:30:49,-12.0432,-77.0282,62.91,83,75,6.91,broken clouds,0.0,0
257,saint anthony,US,2022-06-08 03:33:10,45.0205,-93.218,62.49,69,20,0.0,few clouds,0.0,0
258,meulaboh,ID,2022-06-08 03:33:12,4.1363,96.1285,83.26,64,100,1.57,overcast clouds,0.0,0
259,fussen,DE,2022-06-08 03:33:14,47.8739,12.1695,55.81,95,83,2.62,broken clouds,0.0,0
260,sembe,CG,2022-06-08 03:33:16,1.6481,14.5806,70.29,95,100,3.2,light rain,0.0,0
261,menongue,AO,2022-06-08 03:33:17,-14.6585,17.691,44.51,67,1,5.03,clear sky,0.0,0
262,maceio,BR,2022-06-08 03:32:40,-9.6658,-35.7353,74.64,88,100,3.44,fog,0.0,0
263,mae sot,TH,2022-06-08 03:33:18,16.7167,98.5667,78.75,89,100,8.05,overcast clouds,0.0,0
264,castro,BR,2022-06-08 03:33:20,-24.7911,-50.0119,56.66,94,80,0.81,broken clouds,0.0,0
265,redlands,US,2022-06-08 03:29:10,34.0556,-117.1825,85.19,54,0,11.5,clear sky,0.0,0
266,hofu,JP,2022-06-08 03:33:21,34.05,131.5667,71.51,61,13,5.66,few clouds,0.0,0
267,marsa matruh,EG,2022-06-08 03:33:21,31.3525,27.2453,73.31,69,0,8.23,clear sky,0.0,0
268,vilcun,CL,2022-06-08 03:33:22,-38.65,-72.2333,41.74,98,50,2.44,scattered clouds,0.0,0
269,chicama,PE,2022-06-08 03:33:22,-7.8447,-79.1469,61.34,83,21,3.33,few clouds,0.0,0
270,san patricio,US,2022-06-08 03:33:23,28.017,-97.5169,82.29,83,7,14.0,clear sky,0.0,0
271,cabedelo,BR,2022-06-08 03:33:23,-6.9811,-34.8339,72.27,80,37,6.17,scattered clouds,0.0,0
272,inyonga,TZ,2022-06-08 03:33:23,-6.7167,32.0667,54.95,88,4,4.83,clear sky,0.0,0
273,nobeoka,JP,2022-06-08 03:33:24,32.5833,131.6667,71.96,73,40,7.11,scattered clouds,0.0,0
274,maldonado,UY,2022-06-08 03:31:48,-34.6667,-54.9167,48.22,92,63,4.09,broken clouds,0.0,0
275,general pico,AR,2022-06-08 03:30:06,-35.6566,-63.7568,48.96,68,0,2.93,clear sky,0.0,0
276,daoukro,CI,2022-06-08 03:33:24,7.0591,-3.9631,69.6,97,35,2.39,scattered clouds,0.0,0
277,neiafu,TO,2022-06-08 03:33:25,-18.65,-173.9833,79.48,57,20,9.22,few clouds,0.0,0
278,mogoytuy,RU,2022-06-08 03:33:25,51.2833,114.9167,73.26,33,3,6.35,clear sky,0.0,0
279,chapais,CA,2022-06-08 03:32:46,49.7834,-74.8492,56.98,97,100,13.33,overcast clouds,0.0,0
280,nikolskoye,RU,2022-06-08 03:33:25,59.7035,30.7861,51.69,55,92,6.29,overcast clouds,0.0,0
281,kotka,FI,2022-06-08 03:33:26,60.4664,26.9458,54.66,80,100,11.34,overcast clouds,0.0,0
282,labuhan,ID,2022-06-08 03:33:26,-6.8844,112.2051,86.61,67,45,10.89,scattered clouds,0.0,0
283,leningradskiy,RU,2022-06-08 03:33:27,69.3833,178.4167,37.24,71,7,15.21,clear sky,0.0,0
284,kamachumu,TZ,2022-06-08 03:33:28,-1.6186,31.62,58.98,83,60,7.85,broken clouds,0.0,0
285,fairbanks,US,2022-06-08 03:30:03,64.8378,-147.7164,71.6,31,0,14.97,clear sky,0.0,0
286,jacmel,HT,2022-06-08 03:33:29,18.2342,-72.5347,82.24,79,83,1.21,broken clouds,0.0,0
287,liaocheng,CN,2022-06-08 03:33:29,36.4439,115.9647,90.68,24,0,9.75,clear sky,0.0,0
288,catuday,PH,2022-06-08 03:33:29,16.2923,119.8062,84.24,68,33,8.66,scattered clouds,0.0,0
289,terre haute,US,2022-06-08 03:30:01,39.4667,-87.4139,70.07,71,0,6.91,clear sky,0.0,0
290,launceston,AU,2022-06-08 03:31:41,-41.45,147.1667,46.8,72,75,10.36,broken clouds,0.0,0
291,saint-augustin,CA,2022-06-08 03:33:30,51.226,-58.6502,48.34,43,42,5.75,scattered clouds,0.0,0
292,port macquarie,AU,2022-06-08 03:28:37,-31.4333,152.9167,63.9,38,0,10.38,clear sky,0.0,0
293,denpasar,ID,2022-06-08 03:30:00,-8.65,115.2167,85.66,74,20,8.05,few clouds,0.0,0
294,dabat,ET,2022-06-08 03:33:30,12.9842,37.765,60.21,59,21,3.31,few clouds,0.0,0
295,manavalakurichi,IN,2022-06-08 03:33:30,8.1333,77.3,83.46,72,73,15.39,broken clouds,0.0,0
296,dingle,PH,2022-06-08 03:33:31,10.9995,122.6711,89.6,58,26,3.62,scattered clouds,0.0,0
297,monte alegre,BR,2022-06-08 03:33:31,-2.0078,-54.0692,73.04,95,91,3.15,overcast clouds,0.0,0
298,mindelo,CV,2022-06-08 03:33:32,16.8901,-24.9804,72.95,78,20,18.41,few clouds,0.0,0
299,camacha,PT,2022-06-08 03:33:32,33.0833,-16.3333,63.82,82,40,13.8,scattered clouds,0.0,0
300,kohlu,PK,2022-06-08 03:33:32,29.8962,69.252,91.15,8,0,6.35,clear sky,0.0,0
301,alugan,PH,2022-06-08 03:33:33,12.2188,125.4808,85.71,68,48,9.37,scattered clouds,0.0,0
302,lorengau,PG,2022-06-08 03:33:33,-2.0226,147.2712,83.98,72,25,6.71,scattered clouds,0.0,0
303,altamont,US,2022-06-08 03:33:33,42.2068,-121.7372,67.77,38,100,9.22,overcast clouds,0.0,0
304,romny,UA,2022-06-08 03:33:34,50.751,33.4747,66.04,63,100,3.4,overcast clouds,0.0,0
305,xinyang,CN,2022-06-08 03:33:34,32.1228,114.0656,91.62,37,90,7.83,overcast clouds,0.0,0
306,bilma,NE,2022-06-08 03:33:35,18.6853,12.9164,82.67,17,4,9.86,clear sky,0.0,0
307,aleksandrovskoye,RU,2022-06-08 03:33:35,44.7142,43.0008,67.86,74,66,7.47,broken clouds,0.0,0
308,nanzhang,CN,2022-06-08 03:33:36,31.7765,111.8386,91.24,37,100,2.04,overcast clouds,0.0,0
309,bilibino,RU,2022-06-08 03:33:36,68.0546,166.4372,56.1,48,72,18.34,broken clouds,0.0,0
310,leh,IN,2022-06-08 03:33:38,34.1667,77.5833,53.08,50,86,4.43,overcast clouds,0.0,0
311,noumea,NC,2022-06-08 03:33:38,-22.2763,166.4572,82.38,99,99,7.29,overcast clouds,0.0,0
312,mayumba,GA,2022-06-08 03:33:38,-3.432,10.6554,72.86,94,100,2.53,overcast clouds,0.0,0
313,los llanos de aridane,ES,2022-06-08 03:33:39,28.6585,-17.9182,66.13,78,0,13.8,clear sky,0.0,0
314,talakan,RU,2022-06-08 03:33:39,50.3167,130.3667,80.38,38,19,6.67,few clouds,0.0,0
315,saint-michel-des-saints,CA,2022-06-08 03:33:40,46.6834,-73.9159,58.93,99,100,7.65,overcast clouds,0.0,0
316,zyryanka,RU,2022-06-08 03:33:40,65.75,150.85,50.52,39,100,10.8,overcast clouds,0.0,0
317,perth,AU,2022-06-08 03:33:40,-31.9333,115.8333,64.09,48,0,21.85,clear sky,0.0,0
318,ranong,TH,2022-06-08 03:33:41,9.9658,98.6348,85.93,70,100,5.59,overcast clouds,0.0,0
319,nanortalik,GL,2022-06-08 03:33:41,60.1432,-45.2371,38.57,89,100,3.13,overcast clouds,0.0,0
320,escarcega,MX,2022-06-08 03:33:42,18.6089,-90.7454,74.53,98,100,2.28,overcast clouds,0.0,0
321,sao gotardo,BR,2022-06-08 03:33:42,-19.3111,-46.0489,57.38,57,9,3.31,clear sky,0.0,0
322,tefe,BR,2022-06-08 03:33:42,-3.3542,-64.7114,73.29,91,93,2.21,light rain,0.0,0
323,villa carlos paz,AR,2022-06-08 03:33:43,-31.4241,-64.4978,54.39,41,100,8.01,overcast clouds,0.0,0
324,lompoc,US,2022-06-08 03:32:25,34.6391,-120.4579,62.56,80,0,30.0,clear sky,0.0,0
325,xuddur,SO,2022-06-08 03:33:43,4.1213,43.8894,70.07,85,43,14.85,scattered clouds,0.0,0
326,yar-sale,RU,2022-06-08 03:33:43,66.8333,70.8333,55.2,40,6,8.32,clear sky,0.0,0
327,calama,CL,2022-06-08 03:33:10,-22.4667,-68.9333,43.29,36,0,12.66,clear sky,0.0,0
328,requena,ES,2022-06-08 03:33:44,39.4883,-1.1004,61.79,70,100,2.91,overcast clouds,0.0,0
329,fort nelson,CA,2022-06-08 03:30:09,58.8053,-122.7002,63.99,59,75,3.44,broken clouds,0.0,0
330,canutama,BR,2022-06-08 03:33:44,-6.5339,-64.3831,73.13,91,62,2.01,broken clouds,0.0,0
331,lagoa,PT,2022-06-08 03:33:45,39.05,-27.9833,64.06,92,71,17.45,broken clouds,0.0,0
332,college,US,2022-06-08 03:33:46,64.8569,-147.8028,71.58,31,20,14.97,few clouds,0.0,0
333,san cristobal,VE,2022-06-08 03:33:46,7.7669,-72.225,69.98,98,58,1.97,broken clouds,0.0,0
334,reconquista,AR,2022-06-08 03:33:47,-29.15,-59.65,53.29,93,3,3.67,clear sky,0.0,0
335,lagdo,CM,2022-06-08 03:33:49,9.05,13.7333,76.73,70,56,4.41,broken clouds,0.0,0
336,baykit,RU,2022-06-08 03:33:52,61.67,96.37,58.05,44,49,5.35,scattered clouds,0.0,0
337,alyangula,AU,2022-06-08 03:33:54,-13.8483,136.4192,79.3,58,78,19.44,broken clouds,0.0,0
338,revelstoke,CA,2022-06-08 03:33:56,50.9832,-118.2023,71.62,35,0,8.05,clear sky,0.0,0
339,kulhudhuffushi,MV,2022-06-08 03:33:57,6.6221,73.07,81.97,73,95,10.63,overcast clouds,0.0,0
340,iquitos,PE,2022-06-08 03:33:58,-3.7481,-73.2472,73.44,100,75,0.0,broken clouds,0.0,0
341,serafimovich,RU,2022-06-08 03:34:01,49.5786,42.736,56.62,61,0,4.97,clear sky,0.0,0
342,axim,GH,2022-06-08 03:34:01,4.8699,-2.2405,78.03,78,96,5.86,overcast clouds,0.0,0
343,mocuba,MZ,2022-06-08 03:34:01,-16.8392,36.9856,63.36,94,100,4.54,overcast clouds,0.0,0
344,torbay,CA,2022-06-08 03:34:02,47.6666,-52.7314,38.28,77,20,12.66,few clouds,0.0,0
345,caravelas,BR,2022-06-08 03:34:02,-17.7125,-39.2481,68.88,93,95,4.36,overcast clouds,0.0,0
346,tommot,RU,2022-06-08 03:34:02,58.9564,126.2925,79.3,34,11,6.26,few clouds,0.0,0
347,farau,RO,2022-06-08 03:34:02,46.3333,24.0167,53.78,81,10,2.35,clear sky,0.0,0
348,tezu,IN,2022-06-08 03:34:03,27.9167,96.1667,75.65,98,100,0.69,moderate rain,0.0,0
349,kavieng,PG,2022-06-08 03:34:03,-2.5744,150.7967,83.39,70,36,9.35,light rain,0.0,0
350,ulu-telyak,RU,2022-06-08 03:34:03,54.9086,56.9669,47.75,98,100,16.26,light rain,0.0,0
351,teya,RU,2022-06-08 03:34:03,60.3778,92.6267,52.41,57,100,7.16,overcast clouds,0.0,0
352,urengoy,RU,2022-06-08 03:34:04,65.9667,78.3667,54.86,40,1,10.45,clear sky,0.0,0
353,anadyr,RU,2022-06-08 03:34:04,64.75,177.4833,45.1,65,0,15.66,clear sky,0.0,0
354,vigrestad,NO,2022-06-08 03:34:04,58.5667,5.7,53.58,93,89,4.92,overcast clouds,0.0,0
355,ife,NG,2022-06-08 03:34:04,7.4667,4.5667,72.46,93,100,1.61,overcast clouds,0.0,0
356,salinopolis,BR,2022-06-08 03:34:05,-0.6136,-47.3561,76.14,88,100,5.3,overcast clouds,0.0,0
357,aleppo,SY,2022-06-08 03:34:05,36.25,37.5,70.16,76,0,13.87,clear sky,0.0,0
358,newport,GB,2022-06-08 03:34:05,51.5877,-2.9984,58.24,90,83,14.38,broken clouds,0.0,0
359,sola,VU,2022-06-08 03:34:05,-13.8833,167.55,84.87,70,71,3.44,broken clouds,0.0,0
360,atar,MR,2022-06-08 03:34:06,20.5169,-13.0499,87.53,23,60,5.68,broken clouds,0.0,0
361,hay river,CA,2022-06-08 03:30:59,60.8156,-115.7999,62.58,39,20,9.22,few clouds,0.0,0
362,aketi,CD,2022-06-08 03:34:06,2.7388,23.7833,71.92,81,92,1.03,overcast clouds,0.0,0
363,kitimat,CA,2022-06-08 03:34:06,54.0524,-128.6534,71.98,62,100,0.6,overcast clouds,0.0,0
364,garowe,SO,2022-06-08 03:34:06,8.4054,48.4845,78.87,57,96,24.4,overcast clouds,0.0,0
365,prieska,ZA,2022-06-08 03:34:07,-29.6641,22.7474,49.68,53,0,3.0,clear sky,0.0,0
366,diourbel,SN,2022-06-08 03:34:07,14.6628,-16.3925,78.78,83,0,0.0,clear sky,0.0,0
367,marquette,US,2022-06-08 03:34:07,46.5333,-87.6335,52.77,84,94,3.8,overcast clouds,0.0,0
368,srandakan,ID,2022-06-08 03:34:07,-7.9386,110.2506,88.5,60,31,3.06,scattered clouds,0.0,0
369,asau,RO,2022-06-08 03:34:08,46.4333,26.4,56.95,84,76,1.39,broken clouds,0.0,0
370,kruisfontein,ZA,2022-06-08 03:34:08,-34.0033,24.7314,59.52,40,0,10.85,clear sky,0.0,0
371,vila franca do campo,PT,2022-06-08 03:34:08,37.7167,-25.4333,69.19,95,67,6.53,broken clouds,0.0,0
372,champerico,GT,2022-06-08 03:34:08,14.3,-91.9167,79.41,79,100,2.84,overcast clouds,0.0,0
373,imeni poliny osipenko,RU,2022-06-08 03:34:09,52.4201,136.4853,69.89,42,94,9.78,overcast clouds,0.0,0
374,sao jose da coroa grande,BR,2022-06-08 03:34:09,-8.8978,-35.1478,74.07,86,16,2.66,few clouds,0.0,0
375,salalah,OM,2022-06-08 03:34:09,17.0151,54.0924,84.29,74,75,3.44,broken clouds,0.0,0
376,tutoia,BR,2022-06-08 03:34:09,-2.7619,-42.2744,75.78,86,87,5.23,overcast clouds,0.0,0
377,pitimbu,BR,2022-06-08 03:34:10,-7.4706,-34.8086,72.19,78,24,3.91,few clouds,0.0,0
378,villa del rosario,CO,2022-06-08 03:34:10,7.8339,-72.4742,75.58,83,75,5.75,broken clouds,0.0,0
379,koeru,EE,2022-06-08 03:34:10,58.9631,26.0308,56.57,92,100,6.93,overcast clouds,0.0,0
380,surt,LY,2022-06-08 03:34:11,31.2089,16.5887,73.83,77,0,5.66,clear sky,0.0,0
381,graaff-reinet,ZA,2022-06-08 03:34:11,-32.2522,24.5308,54.59,43,0,7.87,clear sky,0.0,0
382,komsomolskiy,UZ,2022-06-08 03:34:11,40.4272,71.7189,83.12,30,16,4.61,few clouds,0.0,0
383,ambulu,ID,2022-06-08 03:34:11,-8.345,113.6058,86.72,62,79,2.24,broken clouds,0.0,0
384,novyy oskol,RU,2022-06-08 03:34:12,50.7631,37.8691,62.04,73,0,3.29,clear sky,0.0,0
385,christchurch,NZ,2022-06-08 03:31:09,-43.5333,172.6333,61.32,52,90,8.05,overcast clouds,0.0,0
386,kangaatsiaq,GL,2022-06-08 03:34:12,68.3065,-53.4641,35.33,68,45,8.3,scattered clouds,0.0,0
387,maarianhamina,AX,2022-06-08 03:34:12,60.0973,19.9348,55.26,88,0,2.3,clear sky,0.0,0
388,carutapera,BR,2022-06-08 03:34:12,-1.195,-46.02,74.39,92,97,3.36,overcast clouds,0.0,0
389,chunhuhub,MX,2022-06-08 03:34:13,19.55,-88.6833,75.97,98,97,3.69,overcast clouds,0.0,0
390,candelaria,PH,2022-06-08 03:34:13,13.9311,121.4233,87.39,66,97,3.33,overcast clouds,0.0,0
391,taguatinga,BR,2022-06-08 03:34:13,-12.3857,-46.5711,66.36,49,0,3.24,clear sky,0.0,0
392,wassenaar,NL,2022-06-08 03:34:13,52.1333,4.4,59.94,86,100,6.91,overcast clouds,0.0,0
393,juneau,US,2022-06-08 03:29:41,58.3019,-134.4197,64.4,81,75,10.36,broken clouds,0.0,0
394,boditi,ET,2022-06-08 03:34:14,6.9667,37.8667,56.44,93,95,4.29,overcast clouds,0.0,0
395,pontarlier,FR,2022-06-08 03:34:14,46.8333,6.25,47.95,84,52,3.91,broken clouds,0.0,0
396,belmonte,BR,2022-06-08 03:34:14,-15.8631,-38.8828,70.66,85,17,3.67,few clouds,0.0,0
397,araouane,ML,2022-06-08 03:34:14,18.9048,-3.5265,88.3,29,0,4.47,clear sky,0.0,0
398,stornoway,GB,2022-06-08 03:34:15,58.2093,-6.3865,51.76,89,12,5.75,few clouds,0.0,0
399,teeli,RU,2022-06-08 03:34:15,51.0333,90.2333,63.18,30,32,4.94,scattered clouds,0.0,0
400,bay roberts,CA,2022-06-08 03:34:15,47.5999,-53.2648,39.06,65,0,3.0,clear sky,0.0,0
401,pringsewu,ID,2022-06-08 03:34:15,-5.3582,104.9744,85.6,65,97,2.53,overcast clouds,0.0,0
402,kharitonovo,RU,2022-06-08 03:34:16,61.4009,47.4978,57.45,80,97,7.87,overcast clouds,0.0,0
403,alcaniz,ES,2022-06-08 03:34:16,41.05,-0.1333,69.1,59,82,1.41,broken clouds,0.0,0
404,siavonga,ZM,2022-06-08 03:34:16,-16.5382,28.7088,58.96,74,5,1.74,clear sky,0.0,0
405,arlit,NE,2022-06-08 03:34:16,18.7369,7.3853,86.32,13,48,9.64,scattered clouds,0.0,0
406,gari,RU,2022-06-08 03:34:17,59.4307,62.3497,48.0,94,100,16.55,light rain,0.0,0
407,jumla,NP,2022-06-08 03:34:17,29.2747,82.1838,72.61,36,5,6.38,clear sky,0.0,0
408,gorontalo,ID,2022-06-08 03:34:17,0.5412,123.0595,86.67,68,38,3.49,scattered clouds,0.0,0
409,springbok,ZA,2022-06-08 03:34:17,-29.6643,17.8865,52.14,45,0,8.66,clear sky,0.0,0
410,marsh harbour,BS,2022-06-08 03:34:18,26.5412,-77.0636,79.7,78,100,8.86,moderate rain,0.0,0
411,miles city,US,2022-06-08 03:33:12,46.4083,-105.8406,56.37,76,100,5.75,overcast clouds,0.0,0
412,ust-ishim,RU,2022-06-08 03:34:18,57.6935,71.1665,47.91,95,100,13.15,light rain,0.0,0
413,winneba,GH,2022-06-08 03:34:18,5.3511,-0.6231,76.87,83,80,6.26,broken clouds,0.0,0
414,aberdeen,GB,2022-06-08 03:30:01,57.1437,-2.0981,50.49,87,100,5.75,overcast clouds,0.0,0
415,morros,BR,2022-06-08 03:34:19,-9.4467,-46.3003,69.28,55,0,2.39,clear sky,0.0,0
416,smithers,CA,2022-06-08 03:34:19,54.7804,-127.1743,66.52,45,20,4.61,few clouds,0.0,0
417,ayagoz,KZ,2022-06-08 03:34:19,47.9714,80.4392,75.85,28,5,9.75,clear sky,0.0,0
418,kudahuvadhoo,MV,2022-06-08 03:34:19,2.6708,72.8944,82.31,69,100,5.19,overcast clouds,0.0,0
419,deputatskiy,RU,2022-06-08 03:34:20,69.3,139.9,55.04,28,100,13.33,overcast clouds,0.0,0
420,arman,RU,2022-06-08 03:34:20,59.7,150.1667,51.73,68,50,7.2,scattered clouds,0.0,0
421,bure,ET,2022-06-08 03:34:20,10.7,37.0667,58.55,84,27,1.39,scattered clouds,0.0,0
422,hobyo,SO,2022-06-08 03:34:20,5.3505,48.5268,80.69,67,71,19.57,broken clouds,0.0,0
423,sagarejo,GE,2022-06-08 03:34:21,41.734,45.3315,63.03,69,71,4.83,broken clouds,0.0,0
424,kashi,CN,2022-06-08 03:34:21,39.4547,75.9797,78.01,20,0,8.95,clear sky,0.0,0
425,sorland,NO,2022-06-08 03:34:21,67.667,12.6934,42.66,72,100,12.68,overcast clouds,0.0,0
426,mulki,IN,2022-06-08 03:34:21,13.1,74.8,79.88,83,75,3.44,broken clouds,0.0,0
427,carepa,CO,2022-06-08 03:34:22,7.7585,-76.6525,73.87,96,100,3.44,overcast clouds,0.0,0
428,sobolevo,RU,2022-06-08 03:34:22,54.4299,31.8996,60.78,83,69,2.26,broken clouds,0.0,0
429,mariental,NA,2022-06-08 03:34:22,-24.6333,17.9667,48.51,58,0,10.38,clear sky,0.0,0
430,wajir,KE,2022-06-08 03:34:22,1.7471,40.0573,75.16,78,0,0.0,clear sky,0.0,0
431,badiraguato,MX,2022-06-08 03:34:23,25.3667,-107.5167,77.7,62,2,1.72,clear sky,0.0,0
432,kizema,RU,2022-06-08 03:34:23,61.113,44.8302,56.28,66,83,10.42,broken clouds,0.0,0
433,kimbe,PG,2022-06-08 03:34:23,-5.5502,150.1429,83.03,78,100,3.53,moderate rain,0.0,0
434,bull savanna,JM,2022-06-08 03:34:23,17.8868,-77.5902,75.42,89,100,10.47,overcast clouds,0.0,0
435,petropavlovsk-kamchatskiy,RU,2022-06-08 03:31:14,53.0452,158.6483,48.79,66,75,11.18,broken clouds,0.0,0
436,lahaina,US,2022-06-08 03:29:58,20.8783,-156.6825,84.2,83,43,9.46,scattered clouds,0.0,0
437,magole,TZ,2022-06-08 03:34:24,-6.3667,37.3667,63.82,85,28,2.35,scattered clouds,0.0,0
438,isoka,ZM,2022-06-08 03:34:24,-10.1606,32.6335,47.39,98,16,2.86,few clouds,0.0,0
439,cordele,US,2022-06-08 03:34:24,31.9635,-83.7824,77.52,78,0,0.0,clear sky,0.0,0
440,ladario,BR,2022-06-08 03:34:24,-19.0047,-57.6017,71.6,70,76,1.95,broken clouds,0.0,0
441,kirakira,SB,2022-06-08 03:34:25,-10.4544,161.9205,83.44,74,38,7.56,scattered clouds,0.0,0
442,lavrentiya,RU,2022-06-08 03:34:25,65.5833,-171.0,45.75,55,8,3.8,clear sky,0.0,0
443,cap malheureux,MU,2022-06-08 03:34:25,-19.9842,57.6142,71.47,77,15,4.0,few clouds,0.0,0
444,pisco,PE,2022-06-08 03:34:25,-13.7,-76.2167,60.03,88,20,4.61,few clouds,0.0,0
445,caraballeda,VE,2022-06-08 03:34:26,10.6112,-66.8522,75.27,94,40,0.0,scattered clouds,0.0,0
446,aldama,MX,2022-06-08 03:34:26,22.9167,-98.0667,79.79,93,19,3.6,few clouds,0.0,0
447,tuatapere,NZ,2022-06-08 03:34:26,-46.1333,167.6833,51.21,79,91,3.09,moderate rain,0.0,0
448,vredendal,ZA,2022-06-08 03:34:26,-31.6683,18.5012,64.4,37,0,12.84,clear sky,0.0,0
449,nagorsk,RU,2022-06-08 03:34:27,59.3172,50.8078,50.29,78,100,11.32,overcast clouds,0.0,0
450,tazovskiy,RU,2022-06-08 03:34:27,67.4667,78.7,42.57,49,0,8.7,clear sky,0.0,0
451,port hedland,AU,2022-06-08 03:34:27,-20.3167,118.5667,78.85,36,52,12.66,broken clouds,0.0,0
452,bexhill,AU,2022-06-08 03:34:27,-28.7667,153.35,64.63,43,0,5.01,clear sky,0.0,0
453,nadym,RU,2022-06-08 03:34:28,65.5333,72.5167,64.49,37,6,14.03,clear sky,0.0,0
454,santa maria,BR,2022-06-08 03:34:28,-29.6842,-53.8069,56.5,100,40,4.61,fog,0.0,0
455,rabo de peixe,PT,2022-06-08 03:34:28,37.8,-25.5833,68.27,95,75,9.22,broken clouds,0.0,0
456,itaueira,BR,2022-06-08 03:34:29,-7.6033,-43.0256,71.82,58,82,3.96,broken clouds,0.0,0
457,iracoubo,GF,2022-06-08 03:34:29,5.4802,-53.2011,76.98,88,100,12.19,overcast clouds,0.0,0
458,erzin,TR,2022-06-08 03:34:29,36.9559,36.2,72.09,87,81,2.08,broken clouds,0.0,0
459,ostrovnoy,RU,2022-06-08 03:34:29,68.0531,39.5131,50.04,70,10,2.82,clear sky,0.0,0
460,ambilobe,MG,2022-06-08 03:34:29,-13.2,49.05,68.79,79,3,2.77,clear sky,0.0,0
461,kralendijk,BQ,2022-06-08 03:31:26,12.15,-68.2667,82.38,78,75,17.27,broken clouds,0.0,0
462,kouroussa,GN,2022-06-08 03:34:30,10.65,-9.8833,73.71,79,84,3.67,broken clouds,0.0,0
463,arys,KZ,2022-06-08 03:34:30,42.4252,68.795,89.13,19,0,3.42,clear sky,0.0,0
464,vanimo,PG,2022-06-08 03:34:30,-2.6741,141.3028,83.23,74,87,6.11,overcast clouds,0.0,0
465,vila velha,BR,2022-06-08 03:31:44,-20.3297,-40.2925,66.94,81,0,3.44,clear sky,0.0,0
466,correntina,BR,2022-06-08 03:34:31,-13.3433,-44.6367,62.04,58,0,0.58,clear sky,0.0,0
467,paita,PE,2022-06-08 03:34:31,-5.0892,-81.1144,64.83,82,99,9.84,overcast clouds,0.0,0
468,litovko,RU,2022-06-08 03:34:31,49.2361,135.1742,73.33,61,45,1.61,scattered clouds,0.0,0
469,makakilo city,US,2022-06-08 03:34:31,21.3469,-158.0858,82.72,54,0,14.97,clear sky,0.0,0
470,atherton,GB,2022-06-08 03:34:32,53.5237,-2.4935,57.88,96,100,4.0,overcast clouds,0.0,0
471,yanam,IN,2022-06-08 03:34:32,16.7333,82.2167,100.99,31,80,8.1,broken clouds,0.0,0
472,port blair,IN,2022-06-08 03:33:17,11.6667,92.75,82.44,83,75,6.91,mist,0.0,0
473,tautira,PF,2022-06-08 03:34:32,-17.7333,-149.15,79.34,75,6,10.83,clear sky,0.0,0
474,ipixuna,BR,2022-06-08 03:34:32,-1.7625,-48.8043,72.73,97,100,3.0,overcast clouds,0.0,0
475,ust-ilimsk,RU,2022-06-08 03:34:33,58.0006,102.6619,56.34,47,100,0.96,overcast clouds,0.0,0
476,catamarca,AR,2022-06-08 03:34:33,-28.4696,-65.7852,56.77,59,25,1.01,scattered clouds,0.0,0
477,hami,CN,2022-06-08 03:34:33,42.8,93.45,83.05,12,10,2.44,clear sky,0.0,0
478,saint-pierre,RE,2022-06-08 03:34:34,-21.3393,55.4781,67.91,68,0,6.91,clear sky,0.0,0
479,verkhoyansk,RU,2022-06-08 03:34:34,67.5447,133.385,76.21,20,100,6.91,overcast clouds,0.0,0
480,new ulm,US,2022-06-08 03:34:34,44.3125,-94.4605,62.92,67,0,4.61,clear sky,0.0,0
481,acapulco,MX,2022-06-08 03:34:35,16.8634,-99.8901,82.22,74,75,5.75,broken clouds,0.0,0
482,half moon bay,US,2022-06-08 03:30:09,37.4636,-122.4286,68.79,67,40,20.71,scattered clouds,0.0,0
483,lazaro cardenas,MX,2022-06-08 03:34:35,17.9583,-102.2,77.43,79,43,4.5,scattered clouds,0.0,0
484,male,MV,2022-06-08 03:30:51,4.1748,73.5089,84.15,74,75,5.75,broken clouds,0.0,0
485,camopi,GF,2022-06-08 03:32:02,3.1655,-52.3158,71.78,100,99,2.1,overcast clouds,0.0,0
486,channel-port aux basques,CA,2022-06-08 03:30:11,47.5702,-59.1367,46.54,57,42,5.82,scattered clouds,0.0,0
487,saint-georges,GD,2022-06-08 03:34:35,12.0564,-61.7485,79.16,84,20,14.81,few clouds,0.0,0
488,port shepstone,ZA,2022-06-08 03:34:35,-30.7414,30.455,61.39,64,0,5.73,clear sky,0.0,0
489,talnakh,RU,2022-06-08 03:34:36,69.4865,88.3972,35.4,99,100,6.8,light rain,0.0,0
490,rovaniemi,FI,2022-06-08 03:34:36,66.5,25.7167,47.61,71,0,3.44,clear sky,0.0,0
491,boende,CD,2022-06-08 03:34:36,-0.2167,20.8667,67.95,77,70,0.36,broken clouds,0.0,0
492,edd,ER,2022-06-08 03:34:36,13.9297,41.6925,87.1,61,97,5.61,overcast clouds,0.0,0
493,katsuura,JP,2022-06-08 03:34:37,35.1333,140.3,66.22,93,100,16.31,light rain,0.0,0
494,buchanan,LR,2022-06-08 03:29:43,5.8808,-10.0467,76.93,84,100,5.3,overcast clouds,0.0,0
495,tiarei,PF,2022-06-08 03:34:37,-17.5333,-149.3333,77.02,73,14,10.31,few clouds,0.0,0
496,tucumcari,US,2022-06-08 03:34:37,35.1717,-103.725,76.84,65,0,16.11,thunderstorm,0.0,0
497,rognan,NO,2022-06-08 03:34:37,67.0953,15.3878,44.06,88,77,1.77,broken clouds,0.0,0
498,andenes,NO,2022-06-08 03:31:54,69.3143,16.1194,40.98,81,100,21.85,overcast clouds,0.0,0
499,oriximina,BR,2022-06-08 03:34:38,-1.7656,-55.8661,74.46,91,94,3.27,overcast clouds,0.0,0
500,bereda,ES,2022-06-08 03:34:38,43.2686,-7.5406,63.41,99,100,3.85,overcast clouds,0.0,0
501,oranjemund,NA,2022-06-08 03:34:38,-28.55,16.4333,65.01,35,0,10.49,clear sky,0.0,0
502,matagami,CA,2022-06-08 03:34:38,49.7502,-77.6328,53.71,94,100,13.8,overcast clouds,0.0,0
503,voznesenye,RU,2022-06-08 03:34:39,61.0106,35.4781,51.98,71,15,3.74,few clouds,0.0,0
504,lufilufi,WS,2022-06-08 03:34:39,-13.8745,-171.5986,80.38,73,19,10.07,few clouds,0.0,0
505,itoman,JP,2022-06-08 03:34:39,26.1247,127.6694,77.4,85,75,4.61,broken clouds,0.0,0
506,ohara,JP,2022-06-08 03:34:40,35.25,140.3833,66.06,91,100,16.69,light rain,0.0,0
507,sokolo,ML,2022-06-08 03:34:40,14.7328,-6.1219,83.39,51,85,12.77,light rain,0.0,0
508,middletown,US,2022-06-08 03:30:04,39.5151,-84.3983,70.9,85,100,9.22,overcast clouds,0.0,0
509,bitung,ID,2022-06-08 03:34:40,1.4451,125.1824,88.65,70,79,6.31,broken clouds,0.0,0
510,ternate,ID,2022-06-08 03:34:40,0.8,127.4,83.52,71,81,4.83,broken clouds,0.0,0
511,bell ville,AR,2022-06-08 03:34:41,-32.6259,-62.6887,46.67,68,1,5.3,clear sky,0.0,0
512,souillac,MU,2022-06-08 03:34:41,-20.5167,57.5167,68.38,94,40,2.3,scattered clouds,0.0,0
513,ngaoundere,CM,2022-06-08 03:34:41,7.3167,13.5833,62.22,95,56,3.65,broken clouds,0.0,0
514,henties bay,NA,2022-06-08 03:34:41,-22.116,14.2845,71.08,33,0,22.15,clear sky,0.0,0
515,larsnes,NO,2022-06-08 03:34:42,62.2028,5.5773,54.01,88,82,13.44,broken clouds,0.0,0
516,noshiro,JP,2022-06-08 03:34:42,40.2039,140.0242,68.83,59,63,8.48,broken clouds,0.0,0
517,coquimbo,CL,2022-06-08 03:29:52,-29.9533,-71.3436,55.13,87,100,6.91,overcast clouds,0.0,0
518,haradok,BY,2022-06-08 03:34:42,55.4624,29.9816,59.23,86,94,4.52,overcast clouds,0.0,0
519,porto novo,BJ,2022-06-08 03:34:43,6.4965,2.6036,76.66,88,90,5.28,light rain,0.0,0
520,yarensk,RU,2022-06-08 03:34:43,62.1675,49.0916,60.84,53,88,6.67,overcast clouds,0.0,0
521,bowen,AU,2022-06-08 03:34:43,-20.0167,148.2333,72.84,62,87,6.38,overcast clouds,0.0,0
522,nohfelden,DE,2022-06-08 03:34:43,49.5869,7.1428,53.62,93,96,3.33,overcast clouds,0.0,0
523,thinadhoo,MV,2022-06-08 03:34:44,0.5333,72.9333,82.56,69,100,5.48,overcast clouds,0.0,0
524,samana,DO,2022-06-08 03:34:44,19.2056,-69.3369,77.04,92,94,5.66,overcast clouds,0.0,0
525,laguna,US,2022-06-08 03:32:33,38.421,-121.4238,82.76,40,0,10.36,clear sky,0.0,0
526,ambanja,MG,2022-06-08 03:34:44,-13.6833,48.45,67.93,76,3,3.22,clear sky,0.0,0
527,shakawe,BW,2022-06-08 03:34:44,-18.3667,21.85,44.24,58,0,6.11,clear sky,0.0,0
528,nisia floresta,BR,2022-06-08 03:34:45,-6.0911,-35.2086,77.38,88,94,5.17,overcast clouds,0.0,0
529,westport,US,2022-06-08 03:30:21,41.1415,-73.3579,68.09,92,100,7.0,overcast clouds,0.0,0
530,samarai,PG,2022-06-08 03:34:45,-10.6167,150.6667,83.77,74,95,11.36,overcast clouds,0.0,0
531,fortuna,US,2022-06-08 03:34:45,40.5982,-124.1573,59.94,80,20,8.05,few clouds,0.0,0
532,jinchang,CN,2022-06-08 03:34:45,38.4953,102.1739,77.83,13,79,18.03,broken clouds,0.0,0
533,hollins,US,2022-06-08 03:34:46,37.3413,-79.9431,70.45,93,56,3.44,broken clouds,0.0,0
534,urumqi,CN,2022-06-08 03:32:41,43.801,87.6005,77.95,24,0,4.47,clear sky,0.0,0
535,morehead,US,2022-06-08 03:32:43,37.2711,-87.1764,73.15,95,0,0.0,clear sky,0.0,0
536,dunedin,NZ,2022-06-08 03:34:46,-45.8742,170.5036,50.81,73,100,5.03,overcast clouds,0.0,0
537,misratah,LY,2022-06-08 03:34:46,32.3754,15.0925,75.24,70,35,9.37,scattered clouds,0.0,0
538,road town,VG,2022-06-08 03:34:47,18.4167,-64.6167,80.69,80,16,17.69,few clouds,0.0,0
539,parana,AR,2022-06-08 03:31:03,-31.732,-60.5238,49.55,85,25,3.27,scattered clouds,0.0,0
540,oktyabrskiy,RU,2022-06-08 03:34:47,54.4815,53.471,48.02,95,100,21.41,overcast clouds,0.0,0
541,adrar,MR,2022-06-08 03:34:47,20.5022,-10.0711,86.07,21,6,10.8,clear sky,0.0,0
542,savannakhet,LA,2022-06-08 03:34:47,16.566,104.751,84.22,79,75,4.61,broken clouds,0.0,0
543,bingol,TR,2022-06-08 03:34:48,38.8847,40.4939,68.54,44,0,2.59,clear sky,0.0,0
544,ko samui,TH,2022-06-08 03:34:48,9.5357,99.9357,91.31,62,20,6.91,few clouds,0.0,0
545,nautla,MX,2022-06-08 03:34:48,20.2167,-96.7833,81.23,81,44,13.29,scattered clouds,0.0,0
546,jiayuguan,CN,2022-06-08 03:34:48,39.8167,98.3,72.93,15,47,0.78,scattered clouds,0.0,0
547,grenville,GD,2022-06-08 03:34:49,12.1167,-61.6167,79.92,84,31,17.47,scattered clouds,0.0,0
548,pozo colorado,PY,2022-06-08 03:34:49,-23.4923,-58.7972,58.32,96,1,4.5,clear sky,0.0,0
549,saurimo,AO,2022-06-08 03:34:49,-9.6608,20.3916,53.65,57,2,5.75,clear sky,0.0,0
550,itarema,BR,2022-06-08 03:34:49,-2.9248,-39.9167,74.26,91,77,6.87,broken clouds,0.0,0
